account_number,customer_id,account_type,balance,status,opened_date
,CUST98006,Fixed Deposit,69654.79,Active,2024-10-15
,CUST98007,Savings,46689.82,Active,2024-06-15
,CUST98008,Fixed Deposit,75185.48,Active,2024-05-15
,CUST98009,Checking,66370.98,Active,2024-07-15
,CUST98010,Savings,37880.18,Active,2024-05-15
ACC98006,CUST98006,Savings,27524.22,Active,2024-06-15
ACC98007,CUST98007,Checking,27099.07,Active,2024-07-15
ACC98008,CUST98008,Savings,77296.82,Active,2024-06-15
ACC98009,CUST98009,Fixed Deposit,78257.28,Active,2024-01-15
ACC98010,CUST98010,Checking,40736.39,Active,2024-09-15
ACC98011,CUST98011,Savings,92753.41,Active,2024-10-15
ACC98011,CUST98020,Fixed Deposit,58984.06,Active,2024-07-15
ACC98011,CUST98021,Fixed Deposit,32385.13,Active,2024-03-15
ACC98011,CUST98022,Checking,36820.65,Active,2024-11-15
ACC981001,CUST98023,Fixed Deposit,42368.28,Active,2024-01-15
ACC981002,CUST98024,Savings,63073.86,Active,2024-10-15
ACC98017,CUST98017,Savings,invalid_value,Active,2024-06-15
ACC98018,CUST98018,Checking,invalid_value,Active,2024-06-15
ACC98019,CUST98019,Checking,invalid_value,Active,2024-02-15
ACC98020,CUST98020,Savings,invalid_value,Active,2024-03-15
ACC98021,CUST98021,Checking,52707.54,Active,2024-07-15
ACC98022,CUST98022,Checking,52707.54,Active,2024-03-15
ACC98023,CUST98023,Checking,45434.83,Active,2024-11-15
ACC98024,CUST98024,Fixed Deposit,21168.31,Active,2024-10-15
ACC98025,CUST98025,Savings,33347.18,Active,2024-08-15
ACC98026,CUST98026,Fixed Deposit,94499.99,Active,2024-10-15
ACC98027,CUST98027,Savings,47842.57,Active,2024-07-15
ACC98028,CUST98028,Savings,7034.22,Active,2024-08-15
ACC98029,CUST98029,Checking,64523.19,Active,2024-10-15
ACC98030,CUST98030,Fixed Deposit,7370.36,Active,2024-11-15
ACC98031,CUST98031,Fixed Deposit,42691.98,Active,2024-01-15
ACC98032,CUST98032,Fixed Deposit,18753.56,Active,2024-01-15
ACC98033,CUST98033,Fixed Deposit,56268.67,Active,2024-12-15
ACC98034,CUST98034,Fixed Deposit,8808.25,Active,2024-01-15
ACC98035,CUST98035,Checking,9164.24,Active,2024-07-15
ACC98036,CUST98036,Savings,48608.47,Active,2024-10-15
ACC98037,CUST98037,Fixed Deposit,73617.08,Active,2024-04-15
ACC98038,CUST98038,Fixed Deposit,37754.57,Active,2024-03-15
ACC98039,CUST98039,Savings,1119.63,Active,2024-06-15
ACC98040,CUST98040,Fixed Deposit,78654.06,Active,2024-04-15
ACC98041,CUST98041,Fixed Deposit,78523.98,Active,2024-03-15
ACC98042,CUST98042,Fixed Deposit,96747.9,Active,2024-02-15
ACC98043,CUST98043,Checking,89216.7,Active,2024-09-15
ACC98044,CUST98044,Fixed Deposit,7468.51,Active,2024-11-15
ACC98045,CUST98045,Fixed Deposit,44341.76,Active,2024-02-15
ACC98046,CUST98046,Fixed Deposit,88936.14,Active,2024-09-15
ACC98047,CUST98047,Savings,25217.16,Active,2024-01-15
ACC98048,CUST98048,Checking,6901.13,Active,2024-05-15
ACC98049,CUST98049,Savings,72071.1,Active,2024-09-15
ACC98050,CUST98050,Savings,89806.5,Active,2024-04-15
ACC98051,CUST98051,Checking,40235.37,Active,2024-01-15
ACC98052,CUST98052,Savings,34678.3,Active,2024-05-15
ACC98053,CUST98053,Savings,55821.68,Active,2024-01-15
ACC98054,CUST98054,Checking,62398.47,Active,2024-07-15
ACC98055,CUST98055,Checking,17488.37,Active,2024-10-15
ACC98056,CUST98056,Checking,98607.99,Active,2024-12-15
ACC98057,CUST98057,Savings,27322.04,Active,2024-03-15
ACC98058,CUST98058,Checking,34565.53,Active,2024-11-15
ACC98059,CUST98059,Fixed Deposit,98348.82,Active,2024-02-15
ACC98060,CUST98060,Fixed Deposit,16867.29,Active,2024-01-15
ACC98061,CUST98061,Checking,99573.09,Active,2024-05-15
ACC98062,CUST98062,Fixed Deposit,82823.93,Active,2024-01-15
ACC98063,CUST98063,Checking,13701.66,Active,2024-11-15
ACC98064,CUST98064,Fixed Deposit,87445.23,Active,2024-01-15
ACC98065,CUST98065,Checking,66034.97,Active,2024-06-15
ACC98066,CUST98066,Fixed Deposit,28817.59,Active,2024-12-15
ACC98067,CUST98067,Fixed Deposit,74609.46,Active,2024-06-15
ACC98068,CUST98068,Checking,91195.22,Active,2024-04-15
ACC98069,CUST98069,Savings,12423.38,Active,2024-01-15
ACC98070,CUST98070,Checking,78942.89,Active,2024-04-15
ACC98071,CUST98071,Checking,18916.63,Active,2024-05-15
ACC98072,CUST98072,Fixed Deposit,56551.91,Active,2024-01-15
ACC98073,CUST98073,Fixed Deposit,53164.71,Active,2024-10-15
ACC98074,CUST98074,Fixed Deposit,81003.81,Active,2024-02-15
ACC98075,CUST98075,Fixed Deposit,55566.37,Active,2024-05-15
ACC98076,CUST98076,Fixed Deposit,31307.48,Active,2024-04-15
ACC98077,CUST98077,Checking,81187.09,Active,2024-01-15
ACC98078,CUST98078,Savings,41638.96,Active,2024-04-15
ACC98079,CUST98079,Checking,30449.5,Active,2024-10-15
ACC98080,CUST98080,Fixed Deposit,56932.27,Active,2024-10-15
ACC98081,CUST98081,Savings,95433.48,Active,2024-02-15
ACC98082,CUST98082,Savings,76876.31,Active,2024-12-15
ACC98083,CUST98083,Fixed Deposit,77906.7,Active,2024-03-15
ACC98084,CUST98084,Fixed Deposit,32214.37,Active,2024-03-15
ACC98085,CUST98085,Fixed Deposit,39507.9,Active,2024-07-15
ACC98086,CUST98086,Checking,68886.71,Active,2024-03-15
ACC98087,CUST98087,Checking,31001.11,Active,2024-06-15
ACC98088,CUST98088,Checking,597.22,Active,2024-02-15
ACC98089,CUST98089,Checking,99982.98,Active,2024-08-15
ACC98090,CUST98090,Checking,72013.81,Active,2024-05-15
ACC98091,CUST98091,Checking,38744.54,Active,2024-01-15
ACC98092,CUST98092,Fixed Deposit,97049.1,Active,2024-05-15
ACC98093,CUST98093,Savings,30458.88,Active,2024-07-15
ACC98094,CUST98094,Checking,61717.35,Active,2024-10-15
ACC98095,CUST98095,Savings,66614.66,Active,2024-08-15
ACC98096,CUST98096,Checking,34744.77,Active,2024-07-15
ACC98097,CUST98097,Fixed Deposit,10342.85,Active,2024-11-15
ACC98098,CUST98098,Checking,14926.67,Active,2024-05-15
ACC98099,CUST98099,Checking,14374.98,Active,2024-02-15
ACC98100,CUST98100,Savings,21487.2,Active,2024-08-15
ACC98101,CUST98101,Savings,24103.27,Active,2024-02-15
ACC98102,CUST98102,Fixed Deposit,94143.09,Active,2024-01-15
ACC98103,CUST98103,Fixed Deposit,4753.82,Active,2024-10-15
ACC98104,CUST98104,Savings,38748.09,Active,2024-04-15
ACC98105,CUST98105,Fixed Deposit,87344.33,Active,2024-07-15
ACC98106,CUST98106,Savings,27995.95,Active,2024-02-15
ACC98107,CUST98107,Savings,37357.55,Active,2024-09-15
ACC98108,CUST98108,Savings,7953.96,Active,2024-06-15
ACC98109,CUST98109,Checking,97631.72,Active,2024-04-15
ACC98110,CUST98110,Checking,3095.49,Active,2024-07-15
ACC98111,CUST98111,Savings,57661.39,Active,2024-08-15
ACC98112,CUST98112,Savings,17180.61,Active,2024-07-15
ACC98113,CUST98113,Checking,35203.61,Active,2024-02-15
ACC98114,CUST98114,Fixed Deposit,42242.53,Active,2024-10-15
ACC98115,CUST98115,Fixed Deposit,33850.24,Active,2024-09-15
ACC98116,CUST98116,Savings,18478.09,Active,2024-07-15
ACC98117,CUST98117,Checking,16034.76,Active,2024-09-15
ACC98118,CUST98118,Savings,60315.66,Active,2024-10-15
ACC98119,CUST98119,Fixed Deposit,76706.29,Active,2024-09-15
ACC98120,CUST98120,Checking,84511.81,Active,2024-05-15
ACC98121,CUST98121,Savings,31512.09,Active,2024-05-15
ACC98122,CUST98122,Checking,63370.17,Active,2024-04-15
ACC98123,CUST98123,Fixed Deposit,72165.75,Active,2024-03-15
ACC98124,CUST98124,Savings,45006.18,Active,2024-11-15
ACC98125,CUST98125,Checking,71389.24,Active,2024-03-15
ACC98126,CUST98126,Fixed Deposit,11372.41,Active,2024-08-15
ACC98127,CUST98127,Checking,25770.96,Active,2024-05-15
ACC98128,CUST98128,Fixed Deposit,16687.37,Active,2024-06-15
ACC98129,CUST98129,Checking,87707.17,Active,2024-08-15
ACC98130,CUST98130,Savings,5498.16,Active,2024-11-15
ACC98131,CUST98131,Savings,92944.92,Active,2024-02-15
ACC98132,CUST98132,Savings,53602.63,Active,2024-05-15
ACC98133,CUST98133,Savings,11062.98,Active,2024-01-15
ACC98134,CUST98134,Savings,49526.5,Active,2024-04-15
ACC98135,CUST98135,Checking,89998.23,Active,2024-04-15
ACC98136,CUST98136,Checking,79297.12,Active,2024-12-15
ACC98137,CUST98137,Savings,41288.29,Active,2024-04-15
ACC98138,CUST98138,Savings,82405.12,Active,2024-08-15
ACC98139,CUST98139,Savings,7173.24,Active,2024-09-15
ACC98140,CUST98140,Checking,67724.9,Active,2024-06-15
ACC98141,CUST98141,Fixed Deposit,64818.57,Active,2024-06-15
ACC98142,CUST98142,Fixed Deposit,46634.45,Active,2024-04-15
ACC98143,CUST98143,Fixed Deposit,36588.74,Active,2024-03-15
ACC98144,CUST98144,Checking,70689.31,Active,2024-02-15
ACC98145,CUST98145,Fixed Deposit,98713.8,Active,2024-02-15
ACC98146,CUST98146,Fixed Deposit,68211.88,Active,2024-01-15
ACC98147,CUST98147,Savings,97005.23,Active,2024-08-15
ACC98148,CUST98148,Savings,37323.57,Active,2024-04-15
ACC98149,CUST98149,Fixed Deposit,69664.25,Active,2024-10-15
ACC98150,CUST98150,Savings,99043.88,Active,2024-06-15
ACC98151,CUST98151,Fixed Deposit,60679.43,Active,2024-03-15
ACC98152,CUST98152,Fixed Deposit,64534.38,Active,2024-03-15
ACC98153,CUST98153,Checking,41539.01,Active,2024-09-15
ACC98154,CUST98154,Checking,70598.02,Active,2024-07-15
ACC98155,CUST98155,Fixed Deposit,25375.37,Active,2024-12-15
ACC98156,CUST98156,Fixed Deposit,72007.37,Active,2024-08-15
ACC98157,CUST98157,Savings,59524.67,Active,2024-01-15
ACC98158,CUST98158,Savings,46709.39,Active,2024-01-15
ACC98159,CUST98159,Checking,54341.55,Active,2024-01-15
ACC98160,CUST98160,Checking,92693.08,Active,2024-01-15
ACC98161,CUST98161,Savings,61695.13,Active,2024-08-15
ACC98162,CUST98162,Fixed Deposit,4098.91,Active,2024-12-15
ACC98163,CUST98163,Checking,73495.62,Active,2024-03-15
ACC98164,CUST98164,Fixed Deposit,53986.45,Active,2024-01-15
ACC98165,CUST98165,Checking,77740.45,Active,2024-01-15
ACC98166,CUST98166,Savings,68830.56,Active,2024-05-15
ACC98167,CUST98167,Savings,69703.01,Active,2024-08-15
ACC98168,CUST98168,Fixed Deposit,88164.39,Active,2024-08-15
ACC98169,CUST98169,Checking,82291.35,Active,2024-09-15
ACC98170,CUST98170,Fixed Deposit,93341.69,Active,2024-05-15
ACC98171,CUST98171,Savings,25691.96,Active,2024-05-15
ACC98172,CUST98172,Savings,99483.34,Active,2024-10-15
ACC98173,CUST98173,Fixed Deposit,10591.58,Active,2024-06-15
ACC98174,CUST98174,Checking,41072.4,Active,2024-12-15
ACC98175,CUST98175,Savings,93135.71,Active,2024-10-15
ACC98176,CUST98176,Savings,23547.65,Active,2024-07-15
ACC98177,CUST98177,Fixed Deposit,94782.45,Active,2024-06-15
ACC98178,CUST98178,Fixed Deposit,12771.3,Active,2024-03-15
ACC98179,CUST98179,Fixed Deposit,74963.96,Active,2024-04-15
ACC98180,CUST98180,Savings,64807.22,Active,2024-11-15
ACC98181,CUST98181,Checking,46828.63,Active,2024-10-15
ACC98182,CUST98182,Fixed Deposit,94581.9,Active,2024-12-15
ACC98183,CUST98183,Savings,95303.5,Active,2024-07-15
ACC98184,CUST98184,Checking,81976.51,Active,2024-12-15
ACC98185,CUST98185,Savings,36432.98,Active,2024-11-15
ACC98186,CUST98186,Fixed Deposit,99981.82,Active,2024-12-15
ACC98187,CUST98187,Fixed Deposit,75349.67,Active,2024-11-15
ACC98188,CUST98188,Checking,13337.02,Active,2024-04-15
ACC98189,CUST98189,Savings,67389.26,Active,2024-06-15
ACC98190,CUST98190,Savings,74475.88,Active,2024-04-15
ACC98191,CUST98191,Checking,95291.89,Active,2024-05-15
ACC98192,CUST98192,Fixed Deposit,25390.14,Active,2024-03-15
ACC98193,CUST98193,Checking,29087.49,Active,2024-05-15
ACC98194,CUST98194,Fixed Deposit,31815.43,Active,2024-03-15
ACC98195,CUST98195,Fixed Deposit,81562.36,Active,2024-07-15
ACC98196,CUST98196,Fixed Deposit,9563.21,Active,2024-07-15
ACC98197,CUST98197,Fixed Deposit,48937.45,Active,2024-02-15
ACC98198,CUST98198,Savings,98069.98,Active,2024-10-15
ACC98199,CUST98199,Checking,81597.02,Active,2024-04-15
ACC98200,CUST98200,Checking,45290.27,Active,2024-06-15
ACC98201,CUST98201,Fixed Deposit,52417.73,Active,2024-09-15
ACC98202,CUST98202,Checking,50702.27,Active,2024-07-15
ACC98203,CUST98203,Savings,56026.91,Active,2024-02-15
ACC98204,CUST98204,Fixed Deposit,27522.62,Active,2024-01-15
ACC98205,CUST98205,Fixed Deposit,84480.63,Active,2024-06-15
ACC98206,CUST98206,Savings,46218.58,Active,2024-09-15
ACC98207,CUST98207,Savings,53100.26,Active,2024-07-15
ACC98208,CUST98208,Checking,84728.1,Active,2024-06-15
ACC98209,CUST98209,Savings,90336.69,Active,2024-05-15
ACC98210,CUST98210,Savings,62417.7,Active,2024-03-15
ACC98211,CUST98211,Checking,55651.1,Active,2024-01-15
ACC98212,CUST98212,Savings,67942.04,Active,2024-06-15
ACC98213,CUST98213,Savings,33049.12,Active,2024-11-15
ACC98214,CUST98214,Checking,10210.83,Active,2024-08-15
ACC98215,CUST98215,Savings,5701.57,Active,2024-01-15
ACC98216,CUST98216,Savings,28526.21,Active,2024-08-15
ACC98217,CUST98217,Checking,1551.89,Active,2024-01-15
ACC98218,CUST98218,Savings,29913.34,Active,2024-12-15
ACC98219,CUST98219,Checking,78370.61,Active,2024-09-15
ACC98220,CUST98220,Checking,14754.65,Active,2024-11-15
ACC98221,CUST98221,Savings,91004.83,Active,2024-10-15
ACC98222,CUST98222,Savings,24014.33,Active,2024-04-15
ACC98223,CUST98223,Savings,39774.56,Active,2024-03-15
ACC98224,CUST98224,Savings,95674.17,Active,2024-03-15
ACC98225,CUST98225,Checking,83702.54,Active,2024-10-15
ACC98226,CUST98226,Savings,17460.0,Active,2024-02-15
ACC98227,CUST98227,Savings,19111.29,Active,2024-07-15
ACC98228,CUST98228,Fixed Deposit,16870.18,Active,2024-12-15
ACC98229,CUST98229,Savings,66030.28,Active,2024-07-15
ACC98230,CUST98230,Checking,15234.42,Active,2024-03-15
ACC98231,CUST98231,Savings,69073.47,Active,2024-12-15
ACC98232,CUST98232,Fixed Deposit,82956.11,Active,2024-02-15
ACC98233,CUST98233,Fixed Deposit,31165.84,Active,2024-08-15
ACC98234,CUST98234,Checking,78094.09,Active,2024-02-15
ACC98235,CUST98235,Fixed Deposit,24026.44,Active,2024-02-15
ACC98236,CUST98236,Checking,40731.69,Active,2024-02-15
ACC98237,CUST98237,Savings,5256.0,Active,2024-08-15
ACC98238,CUST98238,Savings,19025.94,Active,2024-11-15
ACC98239,CUST98239,Savings,39428.09,Active,2024-04-15
ACC98240,CUST98240,Savings,9542.32,Active,2024-06-15
ACC98241,CUST98241,Checking,81162.66,Active,2024-06-15
ACC98242,CUST98242,Checking,4448.79,Active,2024-06-15
ACC98243,CUST98243,Savings,84427.92,Active,2024-02-15
ACC98244,CUST98244,Checking,56216.4,Active,2024-07-15
ACC98245,CUST98245,Fixed Deposit,5638.68,Active,2024-04-15
ACC98246,CUST98246,Fixed Deposit,61257.88,Active,2024-11-15
ACC98247,CUST98247,Fixed Deposit,74911.04,Active,2024-03-15
ACC98248,CUST98248,Fixed Deposit,15257.5,Active,2024-05-15
ACC98249,CUST98249,Checking,41643.26,Active,2024-05-15
ACC98250,CUST98250,Checking,60666.42,Active,2024-05-15
ACC98251,CUST98251,Savings,7394.12,Active,2024-11-15
ACC98252,CUST98252,Checking,95159.81,Active,2024-04-15
ACC98253,CUST98253,Checking,58497.44,Active,2024-11-15
ACC98254,CUST98254,Checking,56990.07,Active,2024-10-15
ACC98255,CUST98255,Savings,34160.96,Active,2024-10-15
ACC98256,CUST98256,Checking,25814.29,Active,2024-09-15
ACC98257,CUST98257,Fixed Deposit,69683.57,Active,2024-12-15
ACC98258,CUST98258,Fixed Deposit,45591.22,Active,2024-06-15
ACC98259,CUST98259,Checking,89830.11,Active,2024-03-15
ACC98260,CUST98260,Fixed Deposit,47995.97,Active,2024-08-15
ACC98261,CUST98261,Checking,47887.98,Active,2024-12-15
ACC98262,CUST98262,Fixed Deposit,8409.46,Active,2024-11-15
ACC98263,CUST98263,Fixed Deposit,12576.67,Active,2024-01-15
ACC98264,CUST98264,Savings,32989.49,Active,2024-06-15
ACC98265,CUST98265,Savings,2329.94,Active,2024-11-15
ACC98266,CUST98266,Checking,88175.42,Active,2024-05-15
ACC98267,CUST98267,Savings,2775.16,Active,2024-04-15
ACC98268,CUST98268,Savings,72173.22,Active,2024-04-15
ACC98269,CUST98269,Fixed Deposit,4378.67,Active,2024-08-15
ACC98270,CUST98270,Savings,13582.6,Active,2024-07-15
ACC98271,CUST98271,Checking,75362.48,Active,2024-11-15
ACC98272,CUST98272,Fixed Deposit,70253.17,Active,2024-09-15
ACC98273,CUST98273,Savings,58518.7,Active,2024-06-15
ACC98274,CUST98274,Checking,16152.39,Active,2024-07-15
ACC98275,CUST98275,Checking,12047.84,Active,2024-02-15
ACC98276,CUST98276,Fixed Deposit,73523.36,Active,2024-06-15
ACC98277,CUST98277,Savings,58682.93,Active,2024-06-15
ACC98278,CUST98278,Savings,38729.7,Active,2024-11-15
ACC98279,CUST98279,Savings,58430.48,Active,2024-08-15
ACC98280,CUST98280,Checking,59770.96,Active,2024-06-15
ACC98281,CUST98281,Savings,76408.33,Active,2024-04-15
ACC98282,CUST98282,Fixed Deposit,91617.45,Active,2024-10-15
ACC98283,CUST98283,Fixed Deposit,94970.03,Active,2024-10-15
ACC98284,CUST98284,Savings,42430.31,Active,2024-01-15
ACC98285,CUST98285,Checking,74950.9,Active,2024-10-15
ACC98286,CUST98286,Savings,37326.92,Active,2024-07-15
ACC98287,CUST98287,Checking,75363.03,Active,2024-02-15
ACC98288,CUST98288,Fixed Deposit,61025.79,Active,2024-07-15
ACC98289,CUST98289,Savings,24041.77,Active,2024-10-15
ACC98290,CUST98290,Checking,63408.83,Active,2024-11-15
ACC98291,CUST98291,Savings,34772.72,Active,2024-02-15
ACC98292,CUST98292,Fixed Deposit,58144.37,Active,2024-09-15
ACC98293,CUST98293,Checking,29376.01,Active,2024-04-15
ACC98294,CUST98294,Savings,281.39,Active,2024-09-15
ACC98295,CUST98295,Fixed Deposit,51468.85,Active,2024-10-15
ACC98296,CUST98296,Checking,14529.29,Active,2024-12-15
ACC98297,CUST98297,Fixed Deposit,36671.68,Active,2024-06-15
ACC98298,CUST98298,Savings,97325.89,Active,2024-03-15
ACC98299,CUST98299,Savings,53048.1,Active,2024-01-15
ACC98300,CUST98300,Savings,76566.32,Active,2024-12-15
ACC98301,CUST98301,Savings,64798.53,Active,2024-03-15
ACC98302,CUST98302,Fixed Deposit,63088.15,Active,2024-05-15
ACC98303,CUST98303,Savings,8683.95,Active,2024-03-15
ACC98304,CUST98304,Savings,85842.14,Active,2024-01-15
ACC98305,CUST98305,Savings,35448.91,Active,2024-07-15
ACC98306,CUST98306,Fixed Deposit,2074.23,Active,2024-05-15
ACC98307,CUST98307,Savings,20910.81,Active,2024-04-15
ACC98308,CUST98308,Fixed Deposit,97946.07,Active,2024-02-15
ACC98309,CUST98309,Fixed Deposit,91106.24,Active,2024-06-15
ACC98310,CUST98310,Savings,98357.88,Active,2024-06-15
ACC98311,CUST98311,Savings,49679.57,Active,2024-12-15
ACC98312,CUST98312,Savings,56142.79,Active,2024-03-15
ACC98313,CUST98313,Savings,50514.42,Active,2024-11-15
ACC98314,CUST98314,Checking,27599.08,Active,2024-12-15
ACC98315,CUST98315,Checking,74403.94,Active,2024-09-15
ACC98316,CUST98316,Savings,52570.58,Active,2024-12-15
ACC98317,CUST98317,Savings,56721.22,Active,2024-03-15
ACC98318,CUST98318,Checking,44447.74,Active,2024-10-15
ACC98319,CUST98319,Savings,37759.69,Active,2024-07-15
ACC98320,CUST98320,Savings,84622.98,Active,2024-01-15
ACC98321,CUST98321,Checking,60593.86,Active,2024-03-15
ACC98322,CUST98322,Checking,12377.89,Active,2024-08-15
ACC98323,CUST98323,Checking,51654.27,Active,2024-12-15
ACC98324,CUST98324,Checking,72379.23,Active,2024-12-15
ACC98325,CUST98325,Checking,98103.45,Active,2024-04-15
ACC98326,CUST98326,Checking,13525.61,Active,2024-12-15
ACC98327,CUST98327,Savings,9475.97,Active,2024-04-15
ACC98328,CUST98328,Savings,8657.57,Active,2024-12-15
ACC98329,CUST98329,Savings,57579.88,Active,2024-08-15
ACC98330,CUST98330,Fixed Deposit,70362.54,Active,2024-02-15
ACC98331,CUST98331,Checking,71035.4,Active,2024-10-15
ACC98332,CUST98332,Savings,11325.05,Active,2024-04-15
ACC98333,CUST98333,Checking,34017.83,Active,2024-04-15
ACC98334,CUST98334,Savings,73796.17,Active,2024-08-15
ACC98335,CUST98335,Fixed Deposit,68074.27,Active,2024-03-15
ACC98336,CUST98336,Fixed Deposit,25096.76,Active,2024-09-15
ACC98337,CUST98337,Checking,64164.04,Active,2024-06-15
ACC98338,CUST98338,Fixed Deposit,9841.6,Active,2024-03-15
ACC98339,CUST98339,Fixed Deposit,35658.04,Active,2024-07-15
ACC98340,CUST98340,Fixed Deposit,51696.63,Active,2024-05-15
ACC98341,CUST98341,Fixed Deposit,88965.8,Active,2024-08-15
ACC98342,CUST98342,Checking,81746.76,Active,2024-03-15
ACC98343,CUST98343,Fixed Deposit,43416.77,Active,2024-07-15
ACC98344,CUST98344,Fixed Deposit,15623.55,Active,2024-12-15
ACC98345,CUST98345,Savings,29037.06,Active,2024-04-15
ACC98346,CUST98346,Checking,47299.03,Active,2024-12-15
ACC98347,CUST98347,Fixed Deposit,75756.51,Active,2024-01-15
ACC98348,CUST98348,Fixed Deposit,79897.01,Active,2024-12-15
ACC98349,CUST98349,Fixed Deposit,94931.22,Active,2024-12-15
ACC98350,CUST98350,Savings,64920.14,Active,2024-03-15
ACC98351,CUST98351,Fixed Deposit,53324.4,Active,2024-11-15
ACC98352,CUST98352,Checking,6356.24,Active,2024-01-15
ACC98353,CUST98353,Checking,67446.35,Active,2024-06-15
ACC98354,CUST98354,Fixed Deposit,16335.11,Active,2024-06-15
ACC98355,CUST98355,Savings,3316.66,Active,2024-05-15
ACC98356,CUST98356,Checking,11548.88,Active,2024-01-15
ACC98357,CUST98357,Savings,44797.9,Active,2024-04-15
ACC98358,CUST98358,Checking,65953.17,Active,2024-01-15
ACC98359,CUST98359,Checking,51899.82,Active,2024-07-15
ACC98360,CUST98360,Checking,4977.52,Active,2024-02-15
ACC98361,CUST98361,Savings,82028.54,Active,2024-09-15
ACC98362,CUST98362,Savings,3478.46,Active,2024-08-15
ACC98363,CUST98363,Savings,4934.03,Active,2024-06-15
ACC98364,CUST98364,Fixed Deposit,75334.32,Active,2024-09-15
ACC98365,CUST98365,Savings,85979.47,Active,2024-06-15
ACC98366,CUST98366,Savings,7428.78,Active,2024-08-15
ACC98367,CUST98367,Fixed Deposit,90665.45,Active,2024-11-15
ACC98368,CUST98368,Fixed Deposit,51550.2,Active,2024-09-15
ACC98369,CUST98369,Savings,83920.66,Active,2024-04-15
ACC98370,CUST98370,Savings,80146.22,Active,2024-11-15
ACC98371,CUST98371,Savings,26341.38,Active,2024-03-15
ACC98372,CUST98372,Savings,46992.19,Active,2024-01-15
ACC98373,CUST98373,Checking,23121.62,Active,2024-01-15
ACC98374,CUST98374,Checking,10226.31,Active,2024-05-15
ACC98375,CUST98375,Checking,36694.39,Active,2024-08-15
ACC98376,CUST98376,Checking,1294.67,Active,2024-01-15
ACC98377,CUST98377,Fixed Deposit,75502.65,Active,2024-08-15
ACC98378,CUST98378,Checking,1403.98,Active,2024-04-15
ACC98379,CUST98379,Fixed Deposit,7141.35,Active,2024-10-15
ACC98380,CUST98380,Checking,61437.23,Active,2024-08-15
ACC98381,CUST98381,Checking,50828.87,Active,2024-11-15
ACC98382,CUST98382,Checking,11727.67,Active,2024-05-15
ACC98383,CUST98383,Checking,30290.8,Active,2024-03-15
ACC98384,CUST98384,Checking,60776.92,Active,2024-05-15
ACC98385,CUST98385,Fixed Deposit,85470.35,Active,2024-05-15
ACC98386,CUST98386,Savings,33866.87,Active,2024-02-15
ACC98387,CUST98387,Checking,10699.39,Active,2024-04-15
ACC98388,CUST98388,Checking,51901.24,Active,2024-09-15
ACC98389,CUST98389,Checking,30264.34,Active,2024-04-15
ACC98390,CUST98390,Checking,80023.61,Active,2024-07-15
ACC98391,CUST98391,Savings,17847.94,Active,2024-05-15
ACC98392,CUST98392,Checking,73316.24,Active,2024-02-15
ACC98393,CUST98393,Checking,97133.06,Active,2024-08-15
ACC98394,CUST98394,Checking,78772.31,Active,2024-03-15
ACC98395,CUST98395,Checking,94943.84,Active,2024-05-15
ACC98396,CUST98396,Fixed Deposit,59882.32,Active,2024-07-15
ACC98397,CUST98397,Checking,13806.1,Active,2024-04-15
ACC98398,CUST98398,Savings,58405.81,Active,2024-08-15
ACC98399,CUST98399,Savings,54820.08,Active,2024-04-15
ACC98400,CUST98400,Fixed Deposit,96153.15,Active,2024-10-15
ACC98401,CUST98401,Checking,78783.55,Active,2024-08-15
ACC98402,CUST98402,Fixed Deposit,81704.34,Active,2024-04-15
ACC98403,CUST98403,Fixed Deposit,78780.53,Active,2024-12-15
ACC98404,CUST98404,Checking,90816.89,Active,2024-01-15
ACC98405,CUST98405,Checking,83624.12,Active,2024-06-15
ACC98406,CUST98406,Fixed Deposit,21116.47,Active,2024-12-15
ACC98407,CUST98407,Savings,99081.88,Active,2024-04-15
ACC98408,CUST98408,Fixed Deposit,19607.56,Active,2024-08-15
ACC98409,CUST98409,Savings,77018.28,Active,2024-02-15
ACC98410,CUST98410,Savings,76008.76,Active,2024-09-15
ACC98411,CUST98411,Checking,40605.28,Active,2024-02-15
ACC98412,CUST98412,Checking,6076.7,Active,2024-09-15
ACC98413,CUST98413,Fixed Deposit,83594.12,Active,2024-11-15
ACC98414,CUST98414,Fixed Deposit,14864.99,Active,2024-06-15
ACC98415,CUST98415,Fixed Deposit,6309.7,Active,2024-02-15
ACC98416,CUST98416,Checking,27240.56,Active,2024-09-15
ACC98417,CUST98417,Fixed Deposit,47900.94,Active,2024-11-15
ACC98418,CUST98418,Fixed Deposit,64851.72,Active,2024-03-15
ACC98419,CUST98419,Fixed Deposit,86219.63,Active,2024-10-15
ACC98420,CUST98420,Checking,15174.99,Active,2024-04-15
ACC98421,CUST98421,Savings,30341.46,Active,2024-08-15
ACC98422,CUST98422,Fixed Deposit,61254.88,Active,2024-06-15
ACC98423,CUST98423,Checking,7892.58,Active,2024-12-15
ACC98424,CUST98424,Checking,15458.67,Active,2024-02-15
ACC98425,CUST98425,Savings,53895.84,Active,2024-06-15
ACC98426,CUST98426,Checking,19087.27,Active,2024-12-15
ACC98427,CUST98427,Fixed Deposit,34168.04,Active,2024-05-15
ACC98428,CUST98428,Checking,48213.5,Active,2024-04-15
ACC98429,CUST98429,Savings,98106.9,Active,2024-09-15
ACC98430,CUST98430,Fixed Deposit,99519.71,Active,2024-11-15
ACC98431,CUST98431,Fixed Deposit,9374.07,Active,2024-10-15
ACC98432,CUST98432,Fixed Deposit,89588.17,Active,2024-05-15
ACC98433,CUST98433,Fixed Deposit,32434.39,Active,2024-09-15
ACC98434,CUST98434,Checking,8344.04,Active,2024-12-15
ACC98435,CUST98435,Fixed Deposit,27849.51,Active,2024-03-15
ACC98436,CUST98436,Fixed Deposit,56653.51,Active,2024-08-15
ACC98437,CUST98437,Checking,33125.86,Active,2024-08-15
ACC98438,CUST98438,Fixed Deposit,12876.12,Active,2024-05-15
ACC98439,CUST98439,Fixed Deposit,28564.73,Active,2024-02-15
ACC98440,CUST98440,Savings,40584.95,Active,2024-09-15
ACC98441,CUST98441,Savings,76383.3,Active,2024-03-15
ACC98442,CUST98442,Savings,3936.11,Active,2024-05-15
ACC98443,CUST98443,Checking,38443.78,Active,2024-06-15
ACC98444,CUST98444,Savings,84097.83,Active,2024-03-15
ACC98445,CUST98445,Fixed Deposit,72703.81,Active,2024-08-15
ACC98446,CUST98446,Checking,82959.76,Active,2024-11-15
ACC98447,CUST98447,Savings,93203.1,Active,2024-01-15
ACC98448,CUST98448,Fixed Deposit,49316.97,Active,2024-01-15
ACC98449,CUST98449,Savings,10780.14,Active,2024-04-15
ACC98450,CUST98450,Checking,11644.88,Active,2024-09-15
ACC98451,CUST98451,Savings,95300.41,Active,2024-05-15
ACC98452,CUST98452,Fixed Deposit,74104.51,Active,2024-01-15
ACC98453,CUST98453,Savings,69577.62,Active,2024-07-15
ACC98454,CUST98454,Fixed Deposit,40393.61,Active,2024-07-15
ACC98455,CUST98455,Checking,47591.33,Active,2024-11-15
ACC98456,CUST98456,Savings,63476.57,Active,2024-08-15
ACC98457,CUST98457,Fixed Deposit,32677.32,Active,2024-12-15
ACC98458,CUST98458,Checking,2058.81,Active,2024-09-15
ACC98459,CUST98459,Checking,20170.39,Active,2024-05-15
ACC98460,CUST98460,Checking,63180.22,Active,2024-09-15
ACC98461,CUST98461,Savings,30907.82,Active,2024-11-15
ACC98462,CUST98462,Fixed Deposit,31900.18,Active,2024-03-15
ACC98463,CUST98463,Fixed Deposit,1444.1,Active,2024-09-15
ACC98464,CUST98464,Checking,58398.72,Active,2024-08-15
ACC98465,CUST98465,Checking,42243.07,Active,2024-07-15
ACC98466,CUST98466,Fixed Deposit,3251.56,Active,2024-01-15
ACC98467,CUST98467,Savings,81514.34,Active,2024-07-15
ACC98468,CUST98468,Fixed Deposit,74687.09,Active,2024-08-15
ACC98469,CUST98469,Savings,23181.44,Active,2024-11-15
ACC98470,CUST98470,Checking,91179.95,Active,2024-10-15
ACC98471,CUST98471,Savings,72545.03,Active,2024-03-15
ACC98472,CUST98472,Savings,51156.32,Active,2024-03-15
ACC98473,CUST98473,Savings,82996.41,Active,2024-02-15
ACC98474,CUST98474,Savings,46374.32,Active,2024-01-15
ACC98475,CUST98475,Fixed Deposit,30044.54,Active,2024-01-15
ACC98476,CUST98476,Fixed Deposit,25660.37,Active,2024-12-15
ACC98477,CUST98477,Fixed Deposit,64264.03,Active,2024-05-15
ACC98478,CUST98478,Checking,86097.75,Active,2024-04-15
ACC98479,CUST98479,Checking,89718.13,Active,2024-12-15
ACC98480,CUST98480,Fixed Deposit,26313.4,Active,2024-08-15
ACC98481,CUST98481,Fixed Deposit,12256.65,Active,2024-10-15
ACC98482,CUST98482,Checking,55997.83,Active,2024-09-15
ACC98483,CUST98483,Checking,77623.56,Active,2024-03-15
ACC98484,CUST98484,Savings,77852.88,Active,2024-05-15
ACC98485,CUST98485,Fixed Deposit,4635.18,Active,2024-09-15
ACC98486,CUST98486,Fixed Deposit,97225.32,Active,2024-12-15
ACC98487,CUST98487,Fixed Deposit,47996.22,Active,2024-05-15
ACC98488,CUST98488,Fixed Deposit,10854.54,Active,2024-09-15
ACC98489,CUST98489,Savings,34638.53,Active,2024-09-15
ACC98490,CUST98490,Savings,76154.89,Active,2024-08-15
ACC98491,CUST98491,Fixed Deposit,303.72,Active,2024-02-15
ACC98492,CUST98492,Savings,76663.82,Active,2024-07-15
ACC98493,CUST98493,Fixed Deposit,69124.49,Active,2024-12-15
ACC98494,CUST98494,Checking,70967.28,Active,2024-04-15
ACC98495,CUST98495,Checking,13790.54,Active,2024-08-15
ACC98496,CUST98496,Savings,1185.91,Active,2024-11-15
ACC98497,CUST98497,Checking,49275.35,Active,2024-11-15
ACC98498,CUST98498,Fixed Deposit,63182.28,Active,2024-12-15
ACC98499,CUST98499,Checking,2136.52,Active,2024-03-15
ACC98500,CUST98500,Savings,59323.14,Active,2024-01-15
ACC98501,CUST98501,Savings,87666.22,Active,2024-01-15
ACC98502,CUST98502,Checking,94189.58,Active,2024-12-15
ACC98503,CUST98503,Savings,80411.27,Active,2024-04-15
ACC98504,CUST98504,Fixed Deposit,7691.96,Active,2024-03-15
ACC98505,CUST98505,Savings,29228.4,Active,2024-06-15
ACC98506,CUST98506,Checking,82330.35,Active,2024-04-15
ACC98507,CUST98507,Savings,12524.44,Active,2024-01-15
ACC98508,CUST98508,Checking,67475.07,Active,2024-05-15
ACC98509,CUST98509,Checking,79810.55,Active,2024-09-15
ACC98510,CUST98510,Fixed Deposit,33216.92,Active,2024-04-15
ACC98511,CUST98511,Fixed Deposit,57694.46,Active,2024-02-15
ACC98512,CUST98512,Fixed Deposit,92451.49,Active,2024-05-15
ACC98513,CUST98513,Checking,21101.13,Active,2024-04-15
ACC98514,CUST98514,Savings,61303.69,Active,2024-02-15
ACC98515,CUST98515,Fixed Deposit,71862.64,Active,2024-03-15
ACC98516,CUST98516,Checking,22026.49,Active,2024-01-15
ACC98517,CUST98517,Savings,9913.32,Active,2024-06-15
ACC98518,CUST98518,Checking,68868.83,Active,2024-04-15
ACC98519,CUST98519,Savings,71376.35,Active,2024-10-15
ACC98520,CUST98520,Fixed Deposit,49466.9,Active,2024-01-15
ACC98521,CUST98521,Savings,94297.39,Active,2024-05-15
ACC98522,CUST98522,Checking,21969.3,Active,2024-08-15
ACC98523,CUST98523,Fixed Deposit,76219.32,Active,2024-09-15
ACC98524,CUST98524,Checking,93233.49,Active,2024-02-15
ACC98525,CUST98525,Checking,26045.43,Active,2024-05-15
ACC98526,CUST98526,Checking,64807.76,Active,2024-11-15
ACC98527,CUST98527,Checking,2478.06,Active,2024-08-15
ACC98528,CUST98528,Checking,1721.43,Active,2024-10-15
ACC98529,CUST98529,Savings,37584.44,Active,2024-06-15
ACC98530,CUST98530,Fixed Deposit,52275.28,Active,2024-07-15
ACC98531,CUST98531,Fixed Deposit,63297.15,Active,2024-05-15
ACC98532,CUST98532,Savings,20892.13,Active,2024-05-15
ACC98533,CUST98533,Savings,58810.61,Active,2024-05-15
ACC98534,CUST98534,Fixed Deposit,57330.75,Active,2024-03-15
ACC98535,CUST98535,Fixed Deposit,10374.37,Active,2024-11-15
ACC98536,CUST98536,Checking,67569.43,Active,2024-03-15
ACC98537,CUST98537,Fixed Deposit,48136.79,Active,2024-06-15
ACC98538,CUST98538,Fixed Deposit,2358.32,Active,2024-06-15
ACC98539,CUST98539,Fixed Deposit,88405.43,Active,2024-08-15
ACC98540,CUST98540,Fixed Deposit,5145.2,Active,2024-11-15
ACC98541,CUST98541,Fixed Deposit,13443.45,Active,2024-12-15
ACC98542,CUST98542,Fixed Deposit,23251.72,Active,2024-05-15
ACC98543,CUST98543,Checking,57406.0,Active,2024-01-15
ACC98544,CUST98544,Fixed Deposit,18149.58,Active,2024-01-15
ACC98545,CUST98545,Fixed Deposit,37345.59,Active,2024-07-15
ACC98546,CUST98546,Savings,33202.24,Active,2024-12-15
ACC98547,CUST98547,Savings,86445.51,Active,2024-02-15
ACC98548,CUST98548,Fixed Deposit,17945.49,Active,2024-11-15
ACC98549,CUST98549,Savings,25284.04,Active,2024-07-15
ACC98550,CUST98550,Savings,94009.26,Active,2024-02-15
ACC98551,CUST98551,Savings,62825.24,Active,2024-06-15
ACC98552,CUST98552,Savings,14915.39,Active,2024-04-15
ACC98553,CUST98553,Savings,12551.4,Active,2024-07-15
ACC98554,CUST98554,Fixed Deposit,41258.44,Active,2024-02-15
ACC98555,CUST98555,Checking,91195.95,Active,2024-07-15
ACC98556,CUST98556,Fixed Deposit,10356.59,Active,2024-06-15
ACC98557,CUST98557,Checking,10444.84,Active,2024-07-15
ACC98558,CUST98558,Checking,34064.35,Active,2024-12-15
ACC98559,CUST98559,Checking,40448.28,Active,2024-06-15
ACC98560,CUST98560,Savings,60668.68,Active,2024-08-15
ACC98561,CUST98561,Fixed Deposit,65921.38,Active,2024-07-15
ACC98562,CUST98562,Savings,32611.27,Active,2024-03-15
ACC98563,CUST98563,Fixed Deposit,14912.01,Active,2024-07-15
ACC98564,CUST98564,Fixed Deposit,30076.79,Active,2024-07-15
ACC98565,CUST98565,Checking,73769.96,Active,2024-12-15
ACC98566,CUST98566,Savings,35897.32,Active,2024-12-15
ACC98567,CUST98567,Savings,98502.04,Active,2024-12-15
ACC98568,CUST98568,Checking,30420.17,Active,2024-05-15
ACC98569,CUST98569,Savings,52969.53,Active,2024-11-15
ACC98570,CUST98570,Fixed Deposit,59111.06,Active,2024-01-15
ACC98571,CUST98571,Checking,54251.95,Active,2024-10-15
ACC98572,CUST98572,Checking,32757.61,Active,2024-12-15
ACC98573,CUST98573,Fixed Deposit,12197.63,Active,2024-12-15
ACC98574,CUST98574,Fixed Deposit,51876.86,Active,2024-11-15
ACC98575,CUST98575,Fixed Deposit,78514.33,Active,2024-03-15
ACC98576,CUST98576,Savings,54523.78,Active,2024-07-15
ACC98577,CUST98577,Savings,95114.45,Active,2024-04-15
ACC98578,CUST98578,Checking,59505.69,Active,2024-12-15
ACC98579,CUST98579,Savings,80209.37,Active,2024-11-15
ACC98580,CUST98580,Checking,93022.56,Active,2024-04-15
ACC98581,CUST98581,Fixed Deposit,81939.81,Active,2024-10-15
ACC98582,CUST98582,Checking,82346.93,Active,2024-02-15
ACC98583,CUST98583,Checking,10366.26,Active,2024-07-15
ACC98584,CUST98584,Savings,22355.3,Active,2024-05-15
ACC98585,CUST98585,Checking,18992.45,Active,2024-06-15
ACC98586,CUST98586,Checking,59651.34,Active,2024-11-15
ACC98587,CUST98587,Savings,25651.29,Active,2024-07-15
ACC98588,CUST98588,Checking,10679.79,Active,2024-03-15
ACC98589,CUST98589,Checking,63350.25,Active,2024-09-15
ACC98590,CUST98590,Checking,95054.94,Active,2024-09-15
ACC98591,CUST98591,Fixed Deposit,10440.9,Active,2024-10-15
ACC98592,CUST98592,Fixed Deposit,25241.13,Active,2024-11-15
ACC98593,CUST98593,Checking,14778.87,Active,2024-10-15
ACC98594,CUST98594,Checking,85277.5,Active,2024-03-15
ACC98595,CUST98595,Checking,86954.41,Active,2024-02-15
ACC98596,CUST98596,Checking,72723.02,Active,2024-02-15
ACC98597,CUST98597,Fixed Deposit,80884.89,Active,2024-10-15
ACC98598,CUST98598,Savings,30553.22,Active,2024-06-15
ACC98599,CUST98599,Savings,47898.53,Active,2024-03-15
ACC98600,CUST98600,Checking,83495.97,Active,2024-02-15
ACC98601,CUST98601,Fixed Deposit,37849.19,Active,2024-11-15
ACC98602,CUST98602,Fixed Deposit,73437.71,Active,2024-07-15
ACC98603,CUST98603,Checking,68319.19,Active,2024-04-15
ACC98604,CUST98604,Savings,28935.51,Active,2024-02-15
ACC98605,CUST98605,Savings,66652.41,Active,2024-03-15
ACC98606,CUST98606,Savings,10683.17,Active,2024-03-15
ACC98607,CUST98607,Savings,35296.41,Active,2024-02-15
ACC98608,CUST98608,Checking,20625.09,Active,2024-02-15
ACC98609,CUST98609,Savings,40781.63,Active,2024-02-15
ACC98610,CUST98610,Savings,89706.91,Active,2024-07-15
ACC98611,CUST98611,Fixed Deposit,49722.09,Active,2024-09-15
ACC98612,CUST98612,Checking,35751.93,Active,2024-10-15
ACC98613,CUST98613,Checking,82228.88,Active,2024-05-15
ACC98614,CUST98614,Checking,34310.86,Active,2024-08-15
ACC98615,CUST98615,Checking,38498.08,Active,2024-06-15
ACC98616,CUST98616,Fixed Deposit,18279.04,Active,2024-10-15
ACC98617,CUST98617,Savings,83536.32,Active,2024-01-15
ACC98618,CUST98618,Fixed Deposit,71827.34,Active,2024-02-15
ACC98619,CUST98619,Savings,55189.5,Active,2024-06-15
ACC98620,CUST98620,Savings,88751.24,Active,2024-07-15
ACC98621,CUST98621,Fixed Deposit,39561.05,Active,2024-07-15
ACC98622,CUST98622,Checking,21818.3,Active,2024-09-15
ACC98623,CUST98623,Checking,15019.08,Active,2024-10-15
ACC98624,CUST98624,Fixed Deposit,72504.52,Active,2024-02-15
ACC98625,CUST98625,Savings,43590.24,Active,2024-08-15
ACC98626,CUST98626,Fixed Deposit,71062.37,Active,2024-10-15
ACC98627,CUST98627,Checking,53494.46,Active,2024-03-15
ACC98628,CUST98628,Checking,93384.26,Active,2024-07-15
ACC98629,CUST98629,Fixed Deposit,94650.12,Active,2024-11-15
ACC98630,CUST98630,Savings,41455.08,Active,2024-10-15
ACC98631,CUST98631,Fixed Deposit,98221.71,Active,2024-11-15
ACC98632,CUST98632,Checking,28718.13,Active,2024-07-15
ACC98633,CUST98633,Checking,32970.1,Active,2024-05-15
ACC98634,CUST98634,Fixed Deposit,87017.08,Active,2024-05-15
ACC98635,CUST98635,Fixed Deposit,35342.95,Active,2024-07-15
ACC98636,CUST98636,Checking,95159.08,Active,2024-09-15
ACC98637,CUST98637,Checking,9927.61,Active,2024-11-15
ACC98638,CUST98638,Fixed Deposit,5122.06,Active,2024-07-15
ACC98639,CUST98639,Savings,36737.1,Active,2024-06-15
ACC98640,CUST98640,Checking,73143.66,Active,2024-07-15
ACC98641,CUST98641,Checking,35214.35,Active,2024-03-15
ACC98642,CUST98642,Checking,67210.6,Active,2024-04-15
ACC98643,CUST98643,Checking,77033.7,Active,2024-10-15
ACC98644,CUST98644,Fixed Deposit,71881.15,Active,2024-01-15
ACC98645,CUST98645,Fixed Deposit,79919.59,Active,2024-09-15
ACC98646,CUST98646,Checking,76631.78,Active,2024-10-15
ACC98647,CUST98647,Savings,70186.91,Active,2024-11-15
ACC98648,CUST98648,Checking,43898.78,Active,2024-08-15
ACC98649,CUST98649,Checking,96113.7,Active,2024-03-15
ACC98650,CUST98650,Savings,76484.19,Active,2024-10-15
ACC98651,CUST98651,Savings,18852.4,Active,2024-02-15
ACC98652,CUST98652,Checking,16858.97,Active,2024-04-15
ACC98653,CUST98653,Checking,94166.74,Active,2024-09-15
ACC98654,CUST98654,Checking,97887.82,Active,2024-09-15
ACC98655,CUST98655,Checking,43856.8,Active,2024-12-15
ACC98656,CUST98656,Fixed Deposit,9722.44,Active,2024-07-15
ACC98657,CUST98657,Fixed Deposit,36159.23,Active,2024-02-15
ACC98658,CUST98658,Checking,98583.23,Active,2024-08-15
ACC98659,CUST98659,Savings,25671.89,Active,2024-01-15
ACC98660,CUST98660,Savings,37181.96,Active,2024-07-15
ACC98661,CUST98661,Checking,23670.44,Active,2024-08-15
ACC98662,CUST98662,Checking,75060.81,Active,2024-01-15
ACC98663,CUST98663,Fixed Deposit,67511.37,Active,2024-03-15
ACC98664,CUST98664,Savings,78699.75,Active,2024-04-15
ACC98665,CUST98665,Savings,40609.58,Active,2024-01-15
ACC98666,CUST98666,Checking,45622.35,Active,2024-08-15
ACC98667,CUST98667,Fixed Deposit,91530.22,Active,2024-02-15
ACC98668,CUST98668,Fixed Deposit,79506.11,Active,2024-09-15
ACC98669,CUST98669,Checking,99548.39,Active,2024-10-15
ACC98670,CUST98670,Fixed Deposit,31297.64,Active,2024-06-15
ACC98671,CUST98671,Checking,68653.79,Active,2024-05-15
ACC98672,CUST98672,Fixed Deposit,9945.77,Active,2024-10-15
ACC98673,CUST98673,Fixed Deposit,78194.13,Active,2024-12-15
ACC98674,CUST98674,Checking,90331.1,Active,2024-11-15
ACC98675,CUST98675,Checking,88338.46,Active,2024-02-15
ACC98676,CUST98676,Checking,81263.84,Active,2024-02-15
ACC98677,CUST98677,Fixed Deposit,7181.83,Active,2024-03-15
ACC98678,CUST98678,Fixed Deposit,47095.75,Active,2024-01-15
ACC98679,CUST98679,Checking,97065.0,Active,2024-09-15
ACC98680,CUST98680,Savings,53021.13,Active,2024-05-15
ACC98681,CUST98681,Fixed Deposit,81292.37,Active,2024-12-15
ACC98682,CUST98682,Checking,29263.59,Active,2024-11-15
ACC98683,CUST98683,Checking,95292.89,Active,2024-04-15
ACC98684,CUST98684,Fixed Deposit,31981.69,Active,2024-12-15
ACC98685,CUST98685,Fixed Deposit,33604.78,Active,2024-11-15
ACC98686,CUST98686,Savings,29230.65,Active,2024-12-15
ACC98687,CUST98687,Checking,40126.4,Active,2024-04-15
ACC98688,CUST98688,Savings,61344.92,Active,2024-12-15
ACC98689,CUST98689,Checking,2862.58,Active,2024-08-15
ACC98690,CUST98690,Savings,65398.85,Active,2024-06-15
ACC98691,CUST98691,Checking,12789.0,Active,2024-07-15
ACC98692,CUST98692,Checking,8936.32,Active,2024-10-15
ACC98693,CUST98693,Checking,94941.54,Active,2024-04-15
ACC98694,CUST98694,Savings,77063.29,Active,2024-04-15
ACC98695,CUST98695,Savings,9307.48,Active,2024-09-15
ACC98696,CUST98696,Savings,47506.0,Active,2024-10-15
ACC98697,CUST98697,Checking,37084.38,Active,2024-07-15
ACC98698,CUST98698,Checking,45470.65,Active,2024-09-15
ACC98699,CUST98699,Fixed Deposit,12169.48,Active,2024-03-15
ACC98700,CUST98700,Checking,81569.23,Active,2024-04-15
ACC98701,CUST98701,Savings,28530.01,Active,2024-01-15
ACC98702,CUST98702,Savings,26216.68,Active,2024-04-15
ACC98703,CUST98703,Checking,38852.16,Active,2024-09-15
ACC98704,CUST98704,Checking,69286.0,Active,2024-01-15
ACC98705,CUST98705,Fixed Deposit,36682.9,Active,2024-11-15
ACC98706,CUST98706,Checking,78188.94,Active,2024-02-15
ACC98707,CUST98707,Checking,34228.58,Active,2024-03-15
ACC98708,CUST98708,Fixed Deposit,4254.18,Active,2024-06-15
ACC98709,CUST98709,Savings,87072.31,Active,2024-08-15
ACC98710,CUST98710,Checking,61412.94,Active,2024-01-15
ACC98711,CUST98711,Savings,43917.63,Active,2024-09-15
ACC98712,CUST98712,Savings,84917.28,Active,2024-02-15
ACC98713,CUST98713,Checking,54482.53,Active,2024-03-15
ACC98714,CUST98714,Checking,468.41,Active,2024-09-15
ACC98715,CUST98715,Savings,60088.2,Active,2024-03-15
ACC98716,CUST98716,Checking,73194.94,Active,2024-11-15
ACC98717,CUST98717,Checking,83125.42,Active,2024-02-15
ACC98718,CUST98718,Savings,22124.31,Active,2024-11-15
ACC98719,CUST98719,Checking,43326.31,Active,2024-02-15
ACC98720,CUST98720,Savings,89637.03,Active,2024-11-15
ACC98721,CUST98721,Savings,70521.1,Active,2024-07-15
ACC98722,CUST98722,Fixed Deposit,32743.03,Active,2024-02-15
ACC98723,CUST98723,Savings,64914.82,Active,2024-10-15
ACC98724,CUST98724,Savings,58106.34,Active,2024-05-15
ACC98725,CUST98725,Fixed Deposit,43795.92,Active,2024-06-15
ACC98726,CUST98726,Fixed Deposit,9778.35,Active,2024-03-15
ACC98727,CUST98727,Checking,79431.54,Active,2024-07-15
ACC98728,CUST98728,Fixed Deposit,49755.34,Active,2024-06-15
ACC98729,CUST98729,Savings,96811.77,Active,2024-02-15
ACC98730,CUST98730,Fixed Deposit,17858.81,Active,2024-08-15
ACC98731,CUST98731,Checking,40125.04,Active,2024-11-15
ACC98732,CUST98732,Savings,72455.35,Active,2024-09-15
ACC98733,CUST98733,Checking,64916.87,Active,2024-02-15
ACC98734,CUST98734,Checking,2556.74,Active,2024-04-15
ACC98735,CUST98735,Savings,38999.28,Active,2024-07-15
ACC98736,CUST98736,Savings,78297.26,Active,2024-12-15
ACC98737,CUST98737,Checking,59422.65,Active,2024-04-15
ACC98738,CUST98738,Checking,74390.05,Active,2024-09-15
ACC98739,CUST98739,Fixed Deposit,89924.29,Active,2024-04-15
ACC98740,CUST98740,Checking,66963.37,Active,2024-12-15
ACC98741,CUST98741,Savings,9236.13,Active,2024-02-15
ACC98742,CUST98742,Checking,87334.27,Active,2024-06-15
ACC98743,CUST98743,Checking,43813.23,Active,2024-05-15
ACC98744,CUST98744,Fixed Deposit,47381.22,Active,2024-03-15
ACC98745,CUST98745,Savings,30305.08,Active,2024-09-15
ACC98746,CUST98746,Fixed Deposit,92525.29,Active,2024-05-15
ACC98747,CUST98747,Fixed Deposit,51653.58,Active,2024-07-15
ACC98748,CUST98748,Checking,12607.15,Active,2024-12-15
ACC98749,CUST98749,Checking,70505.71,Active,2024-07-15
ACC98750,CUST98750,Savings,94502.91,Active,2024-10-15
ACC98751,CUST98751,Savings,42587.15,Active,2024-07-15
ACC98752,CUST98752,Fixed Deposit,90862.98,Active,2024-03-15
ACC98753,CUST98753,Fixed Deposit,79529.07,Active,2024-02-15
ACC98754,CUST98754,Checking,81649.06,Active,2024-02-15
ACC98755,CUST98755,Fixed Deposit,99099.12,Active,2024-01-15
ACC98756,CUST98756,Fixed Deposit,53508.28,Active,2024-11-15
ACC98757,CUST98757,Fixed Deposit,46887.83,Active,2024-03-15
ACC98758,CUST98758,Savings,62671.64,Active,2024-08-15
ACC98759,CUST98759,Savings,28256.61,Active,2024-04-15
ACC98760,CUST98760,Fixed Deposit,16235.8,Active,2024-03-15
ACC98761,CUST98761,Savings,58304.17,Active,2024-03-15
ACC98762,CUST98762,Savings,50490.75,Active,2024-03-15
ACC98763,CUST98763,Fixed Deposit,27433.42,Active,2024-12-15
ACC98764,CUST98764,Savings,67129.47,Active,2024-11-15
ACC98765,CUST98765,Savings,62387.0,Active,2024-04-15
ACC98766,CUST98766,Checking,99163.24,Active,2024-01-15
ACC98767,CUST98767,Fixed Deposit,87076.73,Active,2024-08-15
ACC98768,CUST98768,Fixed Deposit,78646.28,Active,2024-07-15
ACC98769,CUST98769,Checking,64810.03,Active,2024-07-15
ACC98770,CUST98770,Fixed Deposit,98996.84,Active,2024-12-15
ACC98771,CUST98771,Fixed Deposit,23749.13,Active,2024-11-15
ACC98772,CUST98772,Checking,89863.94,Active,2024-09-15
ACC98773,CUST98773,Savings,70478.51,Active,2024-07-15
ACC98774,CUST98774,Checking,73021.95,Active,2024-11-15
ACC98775,CUST98775,Fixed Deposit,32028.61,Active,2024-08-15
ACC98776,CUST98776,Checking,30173.12,Active,2024-10-15
ACC98777,CUST98777,Fixed Deposit,71704.05,Active,2024-07-15
ACC98778,CUST98778,Fixed Deposit,63800.19,Active,2024-06-15
ACC98779,CUST98779,Checking,79403.92,Active,2024-09-15
ACC98780,CUST98780,Savings,52030.7,Active,2024-10-15
ACC98781,CUST98781,Checking,42565.95,Active,2024-11-15
ACC98782,CUST98782,Savings,22098.44,Active,2024-06-15
ACC98783,CUST98783,Fixed Deposit,90457.35,Active,2024-02-15
ACC98784,CUST98784,Fixed Deposit,80015.16,Active,2024-10-15
ACC98785,CUST98785,Savings,52019.25,Active,2024-05-15
ACC98786,CUST98786,Checking,50717.28,Active,2024-10-15
ACC98787,CUST98787,Checking,73088.0,Active,2024-10-15
ACC98788,CUST98788,Checking,42075.58,Active,2024-03-15
ACC98789,CUST98789,Checking,10467.68,Active,2024-07-15
ACC98790,CUST98790,Fixed Deposit,15450.34,Active,2024-09-15
ACC98791,CUST98791,Checking,90738.63,Active,2024-11-15
ACC98792,CUST98792,Savings,6975.47,Active,2024-08-15
ACC98793,CUST98793,Savings,98390.67,Active,2024-07-15
ACC98794,CUST98794,Savings,12540.88,Active,2024-03-15
ACC98795,CUST98795,Fixed Deposit,77764.81,Active,2024-04-15
ACC98796,CUST98796,Checking,68305.95,Active,2024-01-15
ACC98797,CUST98797,Checking,81155.34,Active,2024-03-15
ACC98798,CUST98798,Savings,63234.48,Active,2024-08-15
ACC98799,CUST98799,Savings,81481.7,Active,2024-08-15
ACC98800,CUST98800,Savings,42680.77,Active,2024-12-15
ACC98801,CUST98801,Savings,50076.62,Active,2024-09-15
ACC98802,CUST98802,Fixed Deposit,15807.78,Active,2024-01-15
ACC98803,CUST98803,Fixed Deposit,50602.29,Active,2024-01-15
ACC98804,CUST98804,Fixed Deposit,70730.7,Active,2024-02-15
ACC98805,CUST98805,Checking,70286.68,Active,2024-04-15
ACC98806,CUST98806,Checking,94895.97,Active,2024-03-15
ACC98807,CUST98807,Fixed Deposit,89525.0,Active,2024-09-15
ACC98808,CUST98808,Fixed Deposit,31310.97,Active,2024-03-15
ACC98809,CUST98809,Fixed Deposit,66905.42,Active,2024-06-15
ACC98810,CUST98810,Fixed Deposit,74139.11,Active,2024-07-15
ACC98811,CUST98811,Fixed Deposit,94196.21,Active,2024-03-15
ACC98812,CUST98812,Fixed Deposit,66246.37,Active,2024-09-15
ACC98813,CUST98813,Checking,7492.54,Active,2024-11-15
ACC98814,CUST98814,Fixed Deposit,44638.5,Active,2024-02-15
ACC98815,CUST98815,Checking,20743.6,Active,2024-04-15
ACC98816,CUST98816,Checking,39798.34,Active,2024-07-15
ACC98817,CUST98817,Fixed Deposit,63697.27,Active,2024-02-15
ACC98818,CUST98818,Savings,59219.73,Active,2024-07-15
ACC98819,CUST98819,Savings,37790.35,Active,2024-10-15
ACC98820,CUST98820,Checking,96065.47,Active,2024-05-15
ACC98821,CUST98821,Fixed Deposit,69178.77,Active,2024-05-15
ACC98822,CUST98822,Checking,59613.67,Active,2024-11-15
ACC98823,CUST98823,Fixed Deposit,35303.95,Active,2024-01-15
ACC98824,CUST98824,Fixed Deposit,42648.33,Active,2024-03-15
ACC98825,CUST98825,Fixed Deposit,71605.99,Active,2024-12-15
ACC98826,CUST98826,Checking,69325.82,Active,2024-11-15
ACC98827,CUST98827,Savings,9737.68,Active,2024-12-15
ACC98828,CUST98828,Fixed Deposit,11215.54,Active,2024-06-15
ACC98829,CUST98829,Fixed Deposit,63906.15,Active,2024-09-15
ACC98830,CUST98830,Savings,59954.4,Active,2024-02-15
ACC98831,CUST98831,Checking,90489.8,Active,2024-08-15
ACC98832,CUST98832,Savings,38547.75,Active,2024-02-15
ACC98833,CUST98833,Savings,86605.69,Active,2024-04-15
ACC98834,CUST98834,Checking,32500.75,Active,2024-02-15
ACC98835,CUST98835,Savings,36742.88,Active,2024-09-15
ACC98836,CUST98836,Savings,61093.11,Active,2024-03-15
ACC98837,CUST98837,Savings,66259.61,Active,2024-06-15
ACC98838,CUST98838,Checking,67208.31,Active,2024-09-15
ACC98839,CUST98839,Fixed Deposit,32558.25,Active,2024-03-15
ACC98840,CUST98840,Checking,37110.54,Active,2024-09-15
ACC98841,CUST98841,Checking,50980.89,Active,2024-03-15
ACC98842,CUST98842,Checking,44250.6,Active,2024-06-15
ACC98843,CUST98843,Checking,82235.15,Active,2024-05-15
ACC98844,CUST98844,Savings,77517.95,Active,2024-04-15
ACC98845,CUST98845,Checking,24891.12,Active,2024-05-15
ACC98846,CUST98846,Fixed Deposit,16079.46,Active,2024-08-15
ACC98847,CUST98847,Checking,29761.0,Active,2024-01-15
ACC98848,CUST98848,Checking,87033.53,Active,2024-05-15
ACC98849,CUST98849,Checking,75898.34,Active,2024-07-15
ACC98850,CUST98850,Checking,95283.92,Active,2024-08-15
ACC98851,CUST98851,Savings,95526.74,Active,2024-11-15
ACC98852,CUST98852,Checking,35164.29,Active,2024-06-15
ACC98853,CUST98853,Checking,76647.53,Active,2024-10-15
ACC98854,CUST98854,Checking,93586.55,Active,2024-06-15
ACC98855,CUST98855,Savings,66817.39,Active,2024-08-15
ACC98856,CUST98856,Savings,96268.71,Active,2024-06-15
ACC98857,CUST98857,Checking,87205.4,Active,2024-09-15
ACC98858,CUST98858,Checking,36603.38,Active,2024-04-15
ACC98859,CUST98859,Savings,64013.7,Active,2024-02-15
ACC98860,CUST98860,Fixed Deposit,78424.37,Active,2024-12-15
ACC98861,CUST98861,Checking,38151.0,Active,2024-08-15
ACC98862,CUST98862,Savings,9397.72,Active,2024-08-15
ACC98863,CUST98863,Fixed Deposit,15661.84,Active,2024-12-15
ACC98864,CUST98864,Checking,72860.19,Active,2024-05-15
ACC98865,CUST98865,Fixed Deposit,96777.94,Active,2024-06-15
ACC98866,CUST98866,Fixed Deposit,58129.6,Active,2024-10-15
ACC98867,CUST98867,Savings,93086.02,Active,2024-05-15
ACC98868,CUST98868,Checking,9895.48,Active,2024-08-15
ACC98869,CUST98869,Fixed Deposit,16653.4,Active,2024-04-15
ACC98870,CUST98870,Savings,10630.24,Active,2024-02-15
ACC98871,CUST98871,Fixed Deposit,91188.62,Active,2024-02-15
ACC98872,CUST98872,Fixed Deposit,9473.99,Active,2024-05-15
ACC98873,CUST98873,Checking,55752.51,Active,2024-07-15
ACC98874,CUST98874,Fixed Deposit,9959.39,Active,2024-03-15
ACC98875,CUST98875,Fixed Deposit,52794.66,Active,2024-06-15
ACC98876,CUST98876,Fixed Deposit,36742.39,Active,2024-10-15
ACC98877,CUST98877,Savings,74647.28,Active,2024-11-15
ACC98878,CUST98878,Checking,58103.29,Active,2024-01-15
ACC98879,CUST98879,Savings,62348.48,Active,2024-02-15
ACC98880,CUST98880,Checking,23617.43,Active,2024-01-15
ACC98881,CUST98881,Checking,37945.16,Active,2024-10-15
ACC98882,CUST98882,Savings,48733.49,Active,2024-07-15
ACC98883,CUST98883,Savings,14332.16,Active,2024-05-15
ACC98884,CUST98884,Checking,10513.07,Active,2024-12-15
ACC98885,CUST98885,Checking,65431.43,Active,2024-08-15
ACC98886,CUST98886,Savings,99323.24,Active,2024-08-15
ACC98887,CUST98887,Fixed Deposit,1609.87,Active,2024-06-15
ACC98888,CUST98888,Checking,8725.97,Active,2024-01-15
ACC98889,CUST98889,Fixed Deposit,45281.73,Active,2024-06-15
ACC98890,CUST98890,Checking,72912.23,Active,2024-02-15
ACC98891,CUST98891,Savings,15083.72,Active,2024-03-15
ACC98892,CUST98892,Savings,23373.43,Active,2024-04-15
ACC98893,CUST98893,Savings,54086.37,Active,2024-08-15
ACC98894,CUST98894,Fixed Deposit,13872.11,Active,2024-07-15
ACC98895,CUST98895,Checking,4678.7,Active,2024-09-15
ACC98896,CUST98896,Fixed Deposit,58688.08,Active,2024-11-15
ACC98897,CUST98897,Checking,67886.63,Active,2024-08-15
ACC98898,CUST98898,Savings,87849.57,Active,2024-04-15
ACC98899,CUST98899,Checking,54787.71,Active,2024-10-15
ACC98900,CUST98900,Fixed Deposit,1234.7,Active,2024-04-15
ACC98901,CUST98901,Savings,11810.14,Active,2024-06-15
ACC98902,CUST98902,Savings,52620.43,Active,2024-04-15
ACC98903,CUST98903,Fixed Deposit,82978.26,Active,2024-01-15
ACC98904,CUST98904,Fixed Deposit,58978.46,Active,2024-03-15
ACC98905,CUST98905,Savings,2859.6,Active,2024-08-15
ACC98906,CUST98906,Savings,29790.35,Active,2024-03-15
ACC98907,CUST98907,Savings,82066.93,Active,2024-03-15
ACC98908,CUST98908,Fixed Deposit,58345.71,Active,2024-11-15
ACC98909,CUST98909,Savings,14663.23,Active,2024-11-15
ACC98910,CUST98910,Checking,91486.36,Active,2024-06-15
ACC98911,CUST98911,Fixed Deposit,91841.54,Active,2024-05-15
ACC98912,CUST98912,Checking,77957.56,Active,2024-03-15
ACC98913,CUST98913,Checking,22273.25,Active,2024-02-15
ACC98914,CUST98914,Fixed Deposit,9864.91,Active,2024-10-15
ACC98915,CUST98915,Savings,80499.02,Active,2024-09-15
ACC98916,CUST98916,Checking,61428.78,Active,2024-12-15
ACC98917,CUST98917,Fixed Deposit,98579.47,Active,2024-02-15
ACC98918,CUST98918,Checking,69910.5,Active,2024-02-15
ACC98919,CUST98919,Fixed Deposit,35493.19,Active,2024-02-15
ACC98920,CUST98920,Fixed Deposit,90002.47,Active,2024-09-15
ACC98921,CUST98921,Fixed Deposit,24072.64,Active,2024-11-15
ACC98922,CUST98922,Savings,41517.76,Active,2024-02-15
ACC98923,CUST98923,Checking,86891.37,Active,2024-10-15
ACC98924,CUST98924,Savings,99496.0,Active,2024-08-15
ACC98925,CUST98925,Savings,28066.88,Active,2024-03-15
ACC98926,CUST98926,Checking,67069.21,Active,2024-10-15
ACC98927,CUST98927,Savings,79962.75,Active,2024-07-15
ACC98928,CUST98928,Checking,71657.34,Active,2024-04-15
ACC98929,CUST98929,Checking,27095.86,Active,2024-01-15
ACC98930,CUST98930,Checking,97329.06,Active,2024-02-15
ACC98931,CUST98931,Savings,30658.95,Active,2024-05-15
ACC98932,CUST98932,Checking,13370.53,Active,2024-03-15
ACC98933,CUST98933,Fixed Deposit,4922.71,Active,2024-06-15
ACC98934,CUST98934,Savings,28468.71,Active,2024-05-15
ACC98935,CUST98935,Checking,23068.5,Active,2024-10-15
ACC98936,CUST98936,Checking,71157.67,Active,2024-06-15
ACC98937,CUST98937,Fixed Deposit,17787.93,Active,2024-12-15
ACC98938,CUST98938,Savings,4942.53,Active,2024-09-15
ACC98939,CUST98939,Savings,77313.46,Active,2024-06-15
ACC98940,CUST98940,Savings,88463.55,Active,2024-03-15
ACC98941,CUST98941,Fixed Deposit,58978.54,Active,2024-07-15
ACC98942,CUST98942,Checking,89870.64,Active,2024-09-15
ACC98943,CUST98943,Savings,32981.0,Active,2024-09-15
ACC98944,CUST98944,Fixed Deposit,85336.29,Active,2024-11-15
ACC98945,CUST98945,Fixed Deposit,21213.98,Active,2024-01-15
ACC98946,CUST98946,Checking,21469.3,Active,2024-03-15
ACC98947,CUST98947,Fixed Deposit,84100.0,Active,2024-11-15
ACC98948,CUST98948,Savings,71014.86,Active,2024-10-15
ACC98949,CUST98949,Fixed Deposit,30519.85,Active,2024-06-15
ACC98950,CUST98950,Fixed Deposit,37460.31,Active,2024-05-15
ACC98951,CUST98951,Checking,68099.95,Active,2024-03-15
ACC98952,CUST98952,Checking,43724.51,Active,2024-11-15
ACC98953,CUST98953,Checking,29232.67,Active,2024-02-15
ACC98954,CUST98954,Checking,16596.35,Active,2024-02-15
ACC98955,CUST98955,Checking,26768.85,Active,2024-01-15
ACC98956,CUST98956,Checking,25564.84,Active,2024-03-15
ACC98957,CUST98957,Fixed Deposit,45029.94,Active,2024-06-15
ACC98958,CUST98958,Checking,88521.94,Active,2024-11-15
ACC98959,CUST98959,Savings,51069.12,Active,2024-01-15
ACC98960,CUST98960,Checking,56843.53,Active,2024-09-15
ACC98961,CUST98961,Savings,97397.38,Active,2024-08-15
ACC98962,CUST98962,Savings,88114.79,Active,2024-01-15
ACC98963,CUST98963,Fixed Deposit,90776.23,Active,2024-04-15
ACC98964,CUST98964,Savings,75557.88,Active,2024-11-15
ACC98965,CUST98965,Fixed Deposit,93099.48,Active,2024-01-15
ACC98966,CUST98966,Checking,33951.2,Active,2024-06-15
ACC98967,CUST98967,Fixed Deposit,17453.7,Active,2024-09-15
ACC98968,CUST98968,Checking,10576.94,Active,2024-01-15
ACC98969,CUST98969,Savings,28267.2,Active,2024-09-15
ACC98970,CUST98970,Checking,28774.14,Active,2024-01-15
ACC98971,CUST98971,Checking,96279.85,Active,2024-09-15
ACC98972,CUST98972,Checking,74042.8,Active,2024-06-15
ACC98973,CUST98973,Fixed Deposit,96348.66,Active,2024-07-15
ACC98974,CUST98974,Savings,45818.67,Active,2024-12-15
ACC98975,CUST98975,Checking,59295.12,Active,2024-07-15
ACC98976,CUST98976,Fixed Deposit,39287.14,Active,2024-11-15
ACC98977,CUST98977,Savings,41654.72,Active,2024-10-15
ACC98978,CUST98978,Fixed Deposit,67360.91,Active,2024-02-15
ACC98979,CUST98979,Fixed Deposit,93099.51,Active,2024-07-15
ACC98980,CUST98980,Savings,17804.51,Active,2024-07-15
ACC98981,CUST98981,Checking,13845.87,Active,2024-12-15
ACC98982,CUST98982,Savings,30194.98,Active,2024-01-15
ACC98983,CUST98983,Checking,10582.35,Active,2024-11-15
ACC98984,CUST98984,Savings,95259.16,Active,2024-11-15
ACC98985,CUST98985,Checking,92587.27,Active,2024-04-15
ACC98986,CUST98986,Savings,10805.6,Active,2024-11-15
ACC98987,CUST98987,Fixed Deposit,71822.89,Active,2024-06-15
ACC98988,CUST98988,Checking,41126.08,Active,2024-07-15
ACC98989,CUST98989,Checking,60130.11,Active,2024-05-15
ACC98990,CUST98990,Fixed Deposit,68074.69,Active,2024-10-15
ACC98991,CUST98991,Fixed Deposit,14285.9,Active,2024-11-15
ACC98992,CUST98992,Checking,80679.09,Active,2024-03-15
ACC98993,CUST98993,Fixed Deposit,63491.25,Active,2024-12-15
ACC98994,CUST98994,Savings,48829.65,Active,2024-06-15
ACC98995,CUST98995,Savings,9297.99,Active,2024-02-15
ACC98996,CUST98996,Fixed Deposit,84886.49,Active,2024-05-15
ACC98997,CUST98997,Checking,31415.41,Active,2024-03-15
ACC98998,CUST98998,Savings,2444.19,Active,2024-11-15
ACC98999,CUST98999,Fixed Deposit,64345.21,Active,2024-12-15
ACC981000,CUST981000,Fixed Deposit,30094.59,Active,2024-09-15
